,Store Name,Address,Type,Rating,Reviews,URL
0,restaurant Pomme de mer,"QQ43+4CQ, ÿ∑ÿ±ŸäŸÇ",Restaurant,"4,4",44,https://www.google.com/maps/place/restaurant+Pomme+de+mer/data=!4m7!3m6!1s0x1301d36113ba21af:0xaecb4e925fa94596!8m2!3d34.7553158!4d10.7536239!16s%2Fg%2F11s1pyxk4f!19sChIJryG6E2HTARMRlkWpX5JOy64?authuser=0&hl=fr&rclk=1
1,Le Morillon,"Route kaied mhamed, Ceinture Bourguiba",Restaurant,"4,3",26,https://www.google.com/maps/place/Le+Morillon/data=!4m7!3m6!1s0x1301d382f0001d73:0xc1a13f8f4111aa0a!8m2!3d34.7654538!4d10.7446131!16s%2Fg%2F11sx035cpb!19sChIJcx0A8ILTARMRCqoRQY8_ocE?authuser=0&hl=fr&rclk=1
2,Farm Slice Teniour,Rue Hedi Nooman,Pizza,"3,9",452,https://www.google.com/maps/place/Farm+Slice+Teniour/data=!4m7!3m6!1s0x1301d31bc796ba45:0xb8e2b6d9e72316b1!8m2!3d34.7673399!4d10.7471641!16s%2Fg%2F11bzrhtmjn!19sChIJRbqWxxvTARMRsRYj59m24rg?authuser=0&hl=fr&rclk=1
3,Le Barbecue,"PQM8+3V7, Av. Habib Thameur",Restaurant,"4,6",62,https://www.google.com/maps/place/Le+Barbecue/data=!4m7!3m6!1s0x13002d321327b181:0xf49d58d0f1c6e92b!8m2!3d34.7326726!4d10.7671708!16s%2Fg%2F11fzfdc1rm!19sChIJgbEnEzItABMRK-nG8dBYnfQ?authuser=0&hl=fr&rclk=1
4,Baguette & Baguette,"Carrefour, Av. de Carthage",Restaurant,"3,8",40,https://www.google.com/maps/place/Baguette+%26+Baguette/data=!4m7!3m6!1s0x1301d34a0988dc95:0xbb4f9e87f342ca5a!8m2!3d34.7409157!4d10.7574036!16s%2Fg%2F11b6jgk1pc!19sChIJldyICUrTARMRWspC84eeT7s?authuser=0&hl=fr&rclk=1
5,Pasta & Grill Sfax,Ó§¥,Restaurant,"4,6",5,https://www.google.com/maps/place/Pasta+%26+Grill+Sfax/data=!4m7!3m6!1s0x1301d39d837e2755:0xbe3a04bfe192e3fb!8m2!3d34.7365291!4d10.748665!16s%2Fg%2F11gyc25nwz!19sChIJVSd-g53TARMR--OS4b8EOr4?authuser=0&hl=fr&rclk=1
6,Brother's Food,"Imm Yassamin RDC N15, Rue Majida Boulila",Restaurant,"4,2",13,https://www.google.com/maps/place/Brother%27s+Food/data=!4m7!3m6!1s0x13002cd4bc00f515:0xa919f6f9819fa0d8!8m2!3d34.7372864!4d10.7502689!16s%2Fg%2F11c45hnbw4!19sChIJFfUAvNQsABMR2KCfgfn2Gak?authuser=0&hl=fr&rclk=1
7,Tacsos,Av. Mohamed Jmal,Tacos,"4,2",53,https://www.google.com/maps/place/Tacsos/data=!4m7!3m6!1s0x1301d3a00a295965:0xaacb0fe18ee9e07c!8m2!3d34.7695308!4d10.7408868!16s%2Fg%2F11skwz1gzg!19sChIJZVkpCqDTARMRfODpjuEPy6o?authuser=0&hl=fr&rclk=1
8,stop food,Unnamed Road,Restauration rapide,"4,4",26,https://www.google.com/maps/place/stop+food/data=!4m7!3m6!1s0x1301d3af9ac9d409:0xd145897344c5e7b8!8m2!3d34.7497557!4d10.7610949!16s%2Fg%2F11gtyncf4j!19sChIJCdTJmq_TARMRuOfFRHOJRdE?authuser=0&hl=fr&rclk=1
9,TONTON,Ó§¥,Restaurant,"3,6",522,https://www.google.com/maps/place/TONTON/data=!4m7!3m6!1s0x1301d32a12f4d51d:0xee49502e38e49a1d!8m2!3d34.7422246!4d10.7541474!16s%2Fg%2F1v1krznt!19sChIJHdX0EirTARMRHZrkOC5QSe4?authuser=0&hl=fr&rclk=1
10,Ahmed Le Petit,Ó§¥,Restauration rapide,"4,8",14,https://www.google.com/maps/place/Ahmed+Le+Petit/data=!4m7!3m6!1s0x1301d3cc8956c335:0x505aa83feb217f77!8m2!3d34.7329358!4d10.7623024!16s%2Fg%2F11fb0bgv91!19sChIJNcNWiczTARMRd38h6z-oWlA?authuser=0&hl=fr&rclk=1
11,Kalimera,Ó§¥,Restaurant,"3,9",51,https://www.google.com/maps/place/Kalimera/data=!4m7!3m6!1s0x1301d34806a27f7d:0xfce81686f38c7c7d!8m2!3d34.7504746!4d10.7317795!16s%2Fg%2F11c5wp0wl0!19sChIJfX-iBkjTARMRfXyM84YW6Pw?authuser=0&hl=fr&rclk=1
12,Kechmech,PQR4+QFV,Restaurant,"4,1",35,https://www.google.com/maps/place/Kechmech/data=!4m7!3m6!1s0x1301d3826373d745:0xe924a7c44cdc58e8!8m2!3d34.7419876!4d10.7561845!16s%2Fg%2F11gmtr1m6j!19sChIJRddzY4LTARMR6FjcTMSnJOk?authuser=0&hl=fr&rclk=1
13,Los Mariscos,QQ43+J2G,Restaurant,"4,7",27,https://www.google.com/maps/place/Los+Mariscos/data=!4m7!3m6!1s0x1301d320e4d4ed49:0x3f8601e1ced50bf4!8m2!3d34.756561!4d10.7525711!16s%2Fg%2F11f2wbnqpv!19sChIJSe3U5CDTARMR9AvVzuEBhj8?authuser=0&hl=fr&rclk=1
14,restaurant Chich Bich,km 1 Rte de Tunis,Restaurant,"5,0",5,https://www.google.com/maps/place/restaurant+Chich+Bich/data=!4m7!3m6!1s0x1301d339deb3ea95:0xfcb89c1ad505ecd8!8m2!3d34.749981!4d10.760853!16s%2Fg%2F11shhbl2kd!19sChIJleqz3jnTARMR2OwF1RqcuPw?authuser=0&hl=fr&rclk=1
15,Restaurant au Bec Fin,PQM7+HR6,Restaurant,"4,1",33,https://www.google.com/maps/place/Restaurant+au+Bec+Fin/data=!4m7!3m6!1s0x13002d2dbaba1baf:0x4c06efa85e4dd01a!8m2!3d34.7339048!4d10.7645205!16s%2Fg%2F1tv57xxh!19sChIJrxu6ui0tABMRGtBNXqjvBkw?authuser=0&hl=fr&rclk=1
16,Le Grill,"PQH8+X35, Rue de Habib Maazoun",Restaurant,"4,6",79,https://www.google.com/maps/place/Le+Grill/data=!4m7!3m6!1s0x13002d2e3c60e90f:0x86b020d9f25a1ed7!8m2!3d34.7298863!4d10.7652316!16s%2Fg%2F11c37qdzdb!19sChIJD-lgPC4tABMR1x5a8tkgsIY?authuser=0&hl=fr&rclk=1
17,Soltana Food,"PQX6+7C7, Avenue",Restaurant,"3,7",93,https://www.google.com/maps/place/Soltana+Food/data=!4m7!3m6!1s0x1301d2d755599b45:0xfd9b1217d3e7f54a!8m2!3d34.7483506!4d10.7604025!16s%2Fg%2F11gfkfvrq7!19sChIJRZtZVdfSARMRSvXn0xcSm_0?authuser=0&hl=fr&rclk=1
18,L'agora resto,Ó§¥,Restaurant,"3,8",194,https://www.google.com/maps/place/L%27agora+resto/data=!4m7!3m6!1s0x1301d33f13bdc2c3:0xc39882172ca4f9b0!8m2!3d34.7577368!4d10.7339266!16s%2Fg%2F11gf5xb1f4!19sChIJw8K9Ez_TARMRsPmkLBeCmMM?authuser=0&hl=fr&rclk=1
19,Restaurant Chaaben,Av. du 14 Janvier,Restaurant,"4,3",14,https://www.google.com/maps/place/Restaurant+Chaaben/data=!4m7!3m6!1s0x1301d32aec1eee2f:0xbdf7b32aa88b82ac!8m2!3d34.7399374!4d10.7532569!16s%2Fg%2F11d_b9vd3j!19sChIJL-4e7CrTARMRrIKLqCqz970?authuser=0&hl=fr&rclk=1
20,Le Corail,39 Rue de Habib Maazoun,Plats familiaux,"4,0",155,https://www.google.com/maps/place/Le+Corail/data=!4m7!3m6!1s0x13002d2c472aa863:0xd18f5314fe10ee26!8m2!3d34.7333401!4d10.7622813!16s%2Fg%2F11b62x_zwg!19sChIJY6gqRywtABMRJu4Q_hRTj9E?authuser=0&hl=fr&rclk=1
21,Restaurant La Voile Blanche,Rte Teniour,Restaurant,"4,4",170,https://www.google.com/maps/place/Restaurant+La+Voile+Blanche/data=!4m7!3m6!1s0x1301d2d920758a4f:0x86cc72ad4b75fd25!8m2!3d34.7528342!4d10.7577095!16s%2Fg%2F11c1v2dnt3!19sChIJT4p1INnSARMRJf11S61yzIY?authuser=0&hl=fr&rclk=1
22,Restaurant Abid Al Omara,PQR3+V9X,Restaurant,"4,8",14,https://www.google.com/maps/place/Restaurant+Abid+Al+Omara/data=!4m7!3m6!1s0x1301d3368f193131:0x18aaacf29e49ce4c!8m2!3d34.7422445!4d10.7534891!16s%2Fg%2F11gl0js7_8!19sChIJMTEZjzbTARMRTM5JnvKsqhg?authuser=0&hl=fr&rclk=1
23,Restaurant Chaaben +,"QP8J+68X, Rue Cheikh Mahmoud Krichen",Pizza,"4,6",14,https://www.google.com/maps/place/Restaurant+Chaaben+%2B/data=!4m7!3m6!1s0x1301d399e06d5ac1:0x4956e776feb14534!8m2!3d34.7656811!4d10.7307129!16s%2Fg%2F11vbg521vl!19sChIJwVpt4JnTARMRNEWx_nbnVkk?authuser=0&hl=fr&rclk=1
24,Restaurant El Lamma,Rue Ahmed Sekelli,Restaurant,"3,9",29,https://www.google.com/maps/place/Restaurant+El+Lamma/data=!4m7!3m6!1s0x13002cd4ddddd7b3:0xd75d3f30b75ffad6!8m2!3d34.7370905!4d10.7517337!16s%2Fg%2F11c5xdgj3v!19sChIJs9fd3dQsABMR1vpftzA_Xdc?authuser=0&hl=fr&rclk=1
25,Resto tabona Morsi,"PQW3+GR8, Rue chakib arslen",Restaurant,"4,4",14,https://www.google.com/maps/place/Resto+tabona+Morsi/data=!4m7!3m6!1s0x1301d3282b66aa3b:0x3a05c291657948b3!8m2!3d34.7462962!4d10.7545672!16s%2Fg%2F11f3dqs1h4!19sChIJO6pmKyjTARMRs0h5ZZHCBTo?authuser=0&hl=fr&rclk=1
26,La Raclette,"QPCV+33C, Av. Mohamed Jmal",Restauration rapide,"4,0",61,https://www.google.com/maps/place/La+Raclette/data=!4m7!3m6!1s0x1301d3783ae93a0b:0x2eabf3c051e72c1c!8m2!3d34.7701852!4d10.7426457!16s%2Fg%2F11qs85dx8m!19sChIJCzrpOnjTARMRHCznUcDzqy4?authuser=0&hl=fr&rclk=1
27,Restaurant Poissonnerie Chez Abdelwaheb,"Espace Neifar D'√©lectricit√©, AVENUE 5 AO√õT CIT√â JARDIN RUE POLYCLINIQUE ELBASSATINE √Ä-C√îT√âS",Restaurant,"4,9",21,https://www.google.com/maps/place/Restaurant+Poissonnerie+Chez+Abdelwaheb/data=!4m7!3m6!1s0x1301d3c63a2e8b21:0xb56acb90304ab8b3!8m2!3d34.749525!4d10.7619719!16s%2Fg%2F11jspflpv6!19sChIJIYsuOsbTARMRs7hKMJDLarU?authuser=0&hl=fr&rclk=1
28,Machewi Mahmoud becha,Ó§¥,Plats familiaux,"4,3",38,https://www.google.com/maps/place/Machewi+Mahmoud+becha/data=!4m7!3m6!1s0x1301d30f3d342e43:0xf014ddf33e6146c7!8m2!3d34.7514387!4d10.7680431!16s%2Fg%2F11tnj01_fc!19sChIJQy40PQ_TARMRx0ZhPvPdFPA?authuser=0&hl=fr&rclk=1
29,Dar Chams Boudaya,"PQP6+FJV nahj sidi khlil, Rue Sidi Ali Karray",Restaurant,"4,1",34,https://www.google.com/maps/place/Dar+Chams+Boudaya/data=!4m7!3m6!1s0x13002d790d4944b3:0x130d2ffaa784ad17!8m2!3d34.736227!4d10.7615573!16s%2Fg%2F11hz6mgbq0!19sChIJs0RJDXktABMRF62Ep_ovDRM?authuser=0&hl=fr&rclk=1
30,Restaurant Abouda 2 plus,"PQJ2+3C3, Rue Atlas",Restaurant,"4,0",47,https://www.google.com/maps/place/Restaurant+Abouda+2+plus/data=!4m7!3m6!1s0x13002cd6e21a5251:0x54c7f19b292abf5c!8m2!3d34.7301316!4d10.7510424!16s%2Fg%2F11cnxz38z4!19sChIJUVIa4tYsABMRXL8qKZvxx1Q?authuser=0&hl=fr&rclk=1
31,Restaurant Dar Kammoun,Ó§¥,Restaurant,"4,3",32,https://www.google.com/maps/place/Restaurant+Dar+Kammoun/data=!4m7!3m6!1s0x13002cd55d1d9a21:0x9d902b582c32c9eb!8m2!3d34.7367784!4d10.7543035!16s%2Fg%2F11cmph7t20!19sChIJIZodXdUsABMR68kyLFgrkJ0?authuser=0&hl=fr&rclk=1
32,chef's,QPGH+29C,Restaurant,"4,3",43,https://www.google.com/maps/place/chef%27s/data=!4m7!3m6!1s0x1301d3c73c47b1a7:0x2a5e54b9bdd9e7de!8m2!3d34.7750679!4d10.7283871!16s%2Fg%2F11k4k6brs3!19sChIJp7FHPMfTARMR3ufZvblUXio?authuser=0&hl=fr&rclk=1
33,Tex mex,51 Av. 5 ao√ªt,Restaurant,"3,9",64,https://www.google.com/maps/place/Tex+mex/data=!4m7!3m6!1s0x1301d34b8f1f3011:0xb9ee76c6d253b527!8m2!3d34.7456588!4d10.7618229!16s%2Fg%2F11fmpl10kl!19sChIJETAfj0vTARMRJ7VT0sZ27rk?authuser=0&hl=fr&rclk=1
34,Restaurant besbes,"PQH6+V52, Ctre",Restauration rapide,"4,4",19,https://www.google.com/maps/place/Restaurant+besbes/data=!4m7!3m6!1s0x13002d292c9023b3:0x7fa02bccd0cfb4dc!8m2!3d34.7296345!4d10.7603936!16s%2Fg%2F11g6p4lb5d!19sChIJsyOQLCktABMR3LTP0MwroH8?authuser=0&hl=fr&rclk=1
35,SPIGOLA RESTAURANT,PQW7+6MW,Restaurant,"4,2",11,https://www.google.com/maps/place/SPIGOLA+RESTAURANT/data=!4m7!3m6!1s0x1301d2d04eaae05b:0x356b379d443aa39c!8m2!3d34.7456176!4d10.7641876!16s%2Fg%2F11c74bpzzw!19sChIJW-CqTtDSARMRnKM6RJ03azU?authuser=0&hl=fr&rclk=1
36,Restaurant Zitouna 2,"km 1,5, Rte de la Soukra",Restaurant,"3,8",147,https://www.google.com/maps/place/Restaurant+Zitouna+2/data=!4m7!3m6!1s0x13002ccedbafed8f:0xd76156e00cf03a7a!8m2!3d34.7316304!4d10.7388933!16s%2Fg%2F11dxjxzn2h!19sChIJj-2v284sABMRejrwDOBWYdc?authuser=0&hl=fr&rclk=1
37,Restaurant Cercina,PQH6+G3R,Bar,"4,6",103,https://www.google.com/maps/place/Restaurant+Cercina/data=!4m7!3m6!1s0x13002d28d16b2a5b:0xad24a8ff9b15607!8m2!3d34.7288698!4d10.7601285!16s%2Fg%2F11c5bth_cr!19sChIJWypr0SgtABMRB1ax-Y9K0go?authuser=0&hl=fr&rclk=1
38,Roti Express Resto,Ó§¥,Poulet,"4,0",24,https://www.google.com/maps/place/Roti+Express+Resto/data=!4m7!3m6!1s0x1301d2d5f1a77889:0x224fc388f8f8dd40!8m2!3d34.7425773!4d10.75546!16s%2Fg%2F11g9mfdhjg!19sChIJiXin8dXSARMRQN34-IjDTyI?authuser=0&hl=fr&rclk=1
39,Sandwich Hammadi,"PQR3+GWH, Rue Sidi Lakhmi",Restauration rapide,"4,0",20,https://www.google.com/maps/place/Sandwich+Hammadi/data=!4m7!3m6!1s0x1301d32a76e44b89:0xb99b34764216be19!8m2!3d34.741313!4d10.7548593!16s%2Fg%2F1tkfwsxn!19sChIJiUvkdirTARMRGb4WQnY0m7k?authuser=0&hl=fr&rclk=1
40,The Luna Sky sfax,"PQW7+234, Av. 5 ao√ªt",Restaurant,"4,9",8,https://www.google.com/maps/place/The+Luna+Sky+sfax/data=!4m7!3m6!1s0x1301d3111c23070b:0x505aa471eb5fd67e!8m2!3d34.7450147!4d10.762703!16s%2Fg%2F11fqlqb2z2!19sChIJCwcjHBHTARMRftZf63GkWlA?authuser=0&hl=fr&rclk=1
41,Restaurant Al Mansour,"PQP5+HC9, Rue Cheikh Tijani",Restaurant,"4,3",4,https://www.google.com/maps/place/Restaurant+Al+Mansour/data=!4m7!3m6!1s0x13002df83917e76f:0x2342c8e8bd8fd8ea!8m2!3d34.7364174!4d10.7586233!16s%2Fg%2F11rbyvmrq1!19sChIJb-cXOfgtABMR6tiPvejIQiM?authuser=0&hl=fr&rclk=1
42,Restaurant Abouda 1,4 Bd de l'Arm√©e Nationale,Restaurant,"4,3",7,https://www.google.com/maps/place/Restaurant+Abouda+1/data=!4m7!3m6!1s0x13002d2da19157a9:0xb07ad116e596f66c!8m2!3d34.7341101!4d10.764549!16s%2Fg%2F11c1rt82b8!19sChIJqVeRoS0tABMRbPaW5RbRerA?authuser=0&hl=fr&rclk=1
43,Cubzz,"1-361 3039, Rte du Ka√Ød Mhamed",Restaurant,"4,1",14,https://www.google.com/maps/place/Cubzz/data=!4m7!3m6!1s0x1301d35aeddd7c43:0x8452c28e52471be5!8m2!3d34.7683986!4d10.7425138!16s%2Fg%2F11g0j46qrf!19sChIJQ3zd7VrTARMR5RtHUo7CUoQ?authuser=0&hl=fr&rclk=1
44,Restaurant saffoud abid,PQP6+8Q9,Restaurant,"4,5",62,https://www.google.com/maps/place/Restaurant+saffoud+abid/data=!4m7!3m6!1s0x13002d2cc0f91231:0x9b87e70844c3be96!8m2!3d34.7357875!4d10.7619741!16s%2Fg%2F11dxrzjkss!19sChIJMRL5wCwtABMRlr7DRAjnh5s?authuser=0&hl=fr&rclk=1
45,ŸÖÿ∑ÿπŸÖ ÿØÿßÿ± ÿ®ŸàÿßŸÑÿπÿ≤,"PQP5+3P9, Rue Sidi Ali Karray",Plats familiaux,"5,0",3,https://www.google.com/maps/place/%D9%85%D8%B7%D8%B9%D9%85+%D8%AF%D8%A7%D8%B1+%D8%A8%D9%88%D8%A7%D9%84%D8%B9%D8%B2%E2%80%AD/data=!4m7!3m6!1s0x13002d006b37d015:0xfdcb28827669d13e!8m2!3d34.7351089!4d10.7592473!16s%2Fg%2F11y3x2v5dd!19sChIJFdA3awAtABMRPtFpdoIoy_0?authuser=0&hl=fr&rclk=1
46,Gourmandise Bouzayene,"QP8Q+R5G, Av. Mohamed Jmal",Restaurant,"3,7",70,https://www.google.com/maps/place/Gourmandise+Bouzayene/data=!4m7!3m6!1s0x1301d3dc3c92d82f:0xd50dc630bba89181!8m2!3d34.7670663!4d10.7379469!16s%2Fg%2F11fqqf_mhz!19sChIJL9iSPNzTARMRgZGouzDGDdU?authuser=0&hl=fr&rclk=1
47,Mechmecha +,Av. Habib Achour,Restaurant,"3,8",30,https://www.google.com/maps/place/Mechmecha+%2B/data=!4m7!3m6!1s0x13002d2eb82b4ed9:0xea1d0a1d6c60289c!8m2!3d34.7321508!4d10.7613022!16s%2Fg%2F11fylyr4qj!19sChIJ2U4ruC4tABMRnChgbB0KHeo?authuser=0&hl=fr&rclk=1
48,Le Printemps,55 Rue Alexandre Dumas,Bar,"4,4",20,https://www.google.com/maps/place/Le+Printemps/data=!4m7!3m6!1s0x13002d3209134acf:0xcba78b0de940710b!8m2!3d34.7323796!4d10.7664003!16s%2Fg%2F1ptxg85t6!19sChIJz0oTCTItABMRC3FA6Q2Lp8s?authuser=0&hl=fr&rclk=1
49,Le jardin gourmand,42 Rte du Ka√Ød Mhamed,Salade,"4,0",26,https://www.google.com/maps/place/Le+jardin+gourmand/data=!4m7!3m6!1s0x1301d374d311bae1:0x25c78f82749a6375!8m2!3d34.7701142!4d10.7408674!16s%2Fg%2F11m_yt9m9b!19sChIJ4boR03TTARMRdWOadIKPxyU?authuser=0&hl=fr&rclk=1
50,La sir√®ne,Rue Habib Achour,Fruits de mer,"3,8",149,https://www.google.com/maps/place/La+sir%C3%A8ne/data=!4m7!3m6!1s0x13002d2fcb9f1b85:0x1c7d940b6da8fda6!8m2!3d34.7286472!4d10.7650271!16s%2Fg%2F1q4kn70y8!19sChIJhRufyy8tABMRpv2obQuUfRw?authuser=0&hl=fr&rclk=1
51,Charlot fast food,Route l'afrane km1 Sfax,Restaurant,"4,0",3,https://www.google.com/maps/place/Charlot+fast+food/data=!4m7!3m6!1s0x1301d39315c3890b:0x7387941437999319!8m2!3d34.7472365!4d10.7476788!16s%2Fg%2F11p64gg16r!19sChIJC4nDFZPTARMRGZOZNxSUh3M?authuser=0&hl=fr&rclk=1
52,Rivoli Restaurant,"PQM6+66J, Av. Habib Achour",Restauration rapide,"4,2",11,https://www.google.com/maps/place/Rivoli+Restaurant/data=!4m7!3m6!1s0x13002d2e905cb411:0x5c0820a840ac2eb1!8m2!3d34.7330816!4d10.7605098!16s%2Fg%2F11gcm0s6l2!19sChIJEbRckC4tABMRsS6sQKggCFw?authuser=0&hl=fr&rclk=1
53,Restaurant Elgola,"PQP6+8P6, Rue Khalifa",Restaurant,"4,5",57,https://www.google.com/maps/place/Restaurant+Elgola/data=!4m7!3m6!1s0x13002d2c95aa1a43:0x2d6789aec9375a87!8m2!3d34.7357994!4d10.7617538!16s%2Fg%2F11ggs3wbgm!19sChIJQxqqlSwtABMRh1o3ya6JZy0?authuser=0&hl=fr&rclk=1
54,Snack attack,"PQR3+RH2, Rue Majida Boulila",Restauration rapide,"3,5",53,https://www.google.com/maps/place/Snack+attack/data=!4m7!3m6!1s0x1301d39a2e515171:0x2cb4f24835d6ab3!8m2!3d34.7420006!4d10.7538782!16s%2Fg%2F11jpkww_fq!19sChIJcVFRLprTARMRs2pdgyRPywI?authuser=0&hl=fr&rclk=1
55,Pizzeria Mechmecha,Av. de Carthage,Pizza,"3,4",204,https://www.google.com/maps/place/Pizzeria+Mechmecha/data=!4m7!3m6!1s0x1301d2d5efbcd7b9:0xf68f53cc7fbe2478!8m2!3d34.742514!4d10.7556987!16s%2Fg%2F1tjxbwq6!19sChIJude879XSARMReCS-f8xTj_Y?authuser=0&hl=fr&rclk=1
56,Lazhar Food,3 RUE NASSRIA IMM ALMAJD Sfax,Restaurant,"4,6",8,https://www.google.com/maps/place/Lazhar+Food/data=!4m7!3m6!1s0x1301d3b3be2699fb:0xbfafe1c7e5080dc1!8m2!3d34.7405801!4d10.7578361!16s%2Fg%2F11h45nzs_b!19sChIJ-5kmvrPTARMRwQ0I5cfhr78?authuser=0&hl=fr&rclk=1
57,Plan B Sfax,2-40 Rte du Ka√Ød Mhamed,Sandwich,"3,7",112,https://www.google.com/maps/place/Plan+B+Sfax/data=!4m7!3m6!1s0x1301d31057e2e2c5:0x9f168ce3a00df79f!8m2!3d34.7691315!4d10.7414744!16s%2Fg%2F11g9q5klyh!19sChIJxeLiVxDTARMRn_cNoOOMFp8?authuser=0&hl=fr&rclk=1
58,ÿ≥ŸÑÿ∑ÿπ ÿ®ÿ±ÿ¨ÿ± Sfax,"ÿ≥ŸÑÿ∑ÿπ ÿ®ÿ±ÿ¨ÿ± üçî 34,7734469, 10,7348979, Route",Hamburger,"3,4",33,https://www.google.com/maps/place/%D8%B3%D9%84%D8%B7%D8%B9+%D8%A8%D8%B1%D8%AC%D8%B1+Sfax%E2%80%AD/data=!4m7!3m6!1s0x1301d33ae5d54a99:0x5dd21f63f6d3d1ad!8m2!3d34.7733662!4d10.7350782!16s%2Fg%2F11jsf2w1y8!19sChIJmUrV5TrTARMRrdHT9mMf0l0?authuser=0&hl=fr&rclk=1
59,Resto Bistro Club MAXIMOS,PQQ2+62Fÿå Unnamed Road,Restaurant,"3,9",49,https://www.google.com/maps/place/Resto+Bistro+Club+MAXIMOS/data=!4m7!3m6!1s0x13002cd4b24ec429:0x2cecb4164e6da9ce!8m2!3d34.7380547!4d10.7500511!16s%2Fg%2F11gf9qjq1v!19sChIJKcROstQsABMRzqltTha07Cw?authuser=0&hl=fr&rclk=1
60,Mado Sfax,Ó§¥,Caf√©t√©ria,"4,7",6,https://www.google.com/maps/place/Mado+Sfax/data=!4m7!3m6!1s0x13002df0ecb0810f:0x288762c55c148649!8m2!3d34.7360534!4d10.7492494!16s%2Fg%2F11fnrvxn6v!19sChIJD4Gw7PAtABMRSYYUXMVihyg?authuser=0&hl=fr&rclk=1
61,Basha Sandwiches,"A cote de cafe faiez et Epices, baccar, 3000 Rue Majida Boulila",Restaurant,"4,1",13,https://www.google.com/maps/place/Basha+Sandwiches/data=!4m7!3m6!1s0x1301d332858e5a9d:0x313d2b9613011695!8m2!3d34.7421447!4d10.7533444!16s%2Fg%2F11fklj_1jx!19sChIJnVqOhTLTARMRlRYBE5YrPTE?authuser=0&hl=fr&rclk=1
62,Restaurant La Renaissance,PQH6+P6R,Restaurant,"4,2",29,https://www.google.com/maps/place/Restaurant+La+Renaissance/data=!4m7!3m6!1s0x13002d292acefa85:0xc98e87df54a9a7d3!8m2!3d34.7293652!4d10.7605173!16s%2Fg%2F11c55k970g!19sChIJhfrOKiktABMR06epVN-Hjsk?authuser=0&hl=fr&rclk=1
63,Restaurant Royal,PQM7+F42,Restaurant,"5,0",2,https://www.google.com/maps/place/Restaurant+Royal/data=!4m7!3m6!1s0x13002d2c4fa684c1:0x7d9684b9acb7c234!8m2!3d34.733627!4d10.762769!16s%2Fg%2F11csrsf5q_!19sChIJwYSmTywtABMRNMK3rLmEln0?authuser=0&hl=fr&rclk=1
64,La Medina,Rue de Ribat,Restaurant,"5,0",1,https://www.google.com/maps/place/La+Medina/data=!4m7!3m6!1s0x13002d9f9797b12f:0x69aac6851e9f8f9a!8m2!3d34.7302282!4d10.757865!16s%2Fg%2F11t7zbh6z4!19sChIJL7GXl58tABMRmo-fHoXGqmk?authuser=0&hl=fr&rclk=1
65,Sandwich Des Sportifs,PQM6+3MF,Restauration rapide,"4,8",5,https://www.google.com/maps/place/Sandwich+Des+Sportifs/data=!4m7!3m6!1s0x13002d2c172236e5:0x8c79ff870482316d!8m2!3d34.7326793!4d10.761683!16s%2Fg%2F11dfj6kr21!19sChIJ5TYiFywtABMRbTGCBIf_eYw?authuser=0&hl=fr&rclk=1
66,La R√©gence,Ó§¥,Bar,"4,1",39,https://www.google.com/maps/place/La+R%C3%A9gence/data=!4m7!3m6!1s0x13002d2dca194f53:0x16538327930c625a!8m2!3d34.7330556!4d10.7636111!16s%2Fg%2F1ptxk33yw!19sChIJU08Zyi0tABMRWmIMkyeDUxY?authuser=0&hl=fr&rclk=1
67,Restaurant chich taouk,QP8V+FW4,Restauration rapide,"3,7",40,https://www.google.com/maps/place/Restaurant+chich+taouk/data=!4m7!3m6!1s0x1301d340f741ebdf:0xa0ab2618fc7549f3!8m2!3d34.7660898!4d10.7445431!16s%2Fg%2F11khjjmxd4!19sChIJ3-tB90DTARMR80l1_Bgmq6A?authuser=0&hl=fr&rclk=1
68,Restaurant ElMakhzen,Nahj sayaghin,Restaurant,"4,0",52,https://www.google.com/maps/place/Restaurant+ElMakhzen/data=!4m7!3m6!1s0x13002d2b5af60cf1:0x5e98d106eb8b851f!8m2!3d34.7367278!4d10.7599583!16s%2Fg%2F11c6f09w2k!19sChIJ8Qz2WistABMRH4WL6wbRmF4?authuser=0&hl=fr&rclk=1
69,Restaurant Sultan,Ó§¥,Restauration rapide,"4,0",3,https://www.google.com/maps/place/Restaurant+Sultan/data=!4m7!3m6!1s0x13002d8b7e35bbe1:0x473ea4021d2806aa!8m2!3d34.7293914!4d10.7601217!16s%2Fg%2F11rqk_1qf9!19sChIJ4bs1fostABMRqgYoHQKkPkc?authuser=0&hl=fr&rclk=1
70,Pringfood,"PQR4+VCM, Av. de Carthage",Restaurant,"3,7",69,https://www.google.com/maps/place/Pringfood/data=!4m7!3m6!1s0x1301d2d5c6ffdbeb:0x431cac69d222de7e!8m2!3d34.7422071!4d10.756041!16s%2Fg%2F11fylswpcj!19sChIJ69v_xtXSARMRft4i0mmsHEM?authuser=0&hl=fr&rclk=1
71,Fricass√© Siala,,"Restaurant
Ouvert ‚ãÖ Ferme √† 23:00","4,5",17,https://www.google.com/maps/place/Fricass%C3%A9+Siala/data=!4m7!3m6!1s0x1301d32f0dbf137b:0xef5dbfdc72ac5009!8m2!3d34.7479431!4d10.7470152!16s%2Fg%2F11c0t8ycnc!19sChIJexO_DS_TARMRCVCscty_Xe8?authuser=0&hl=fr&rclk=1
72,Sandwich Isam,"PQW6+9RP immeuble galaxy, Av. 5 ao√ªt",Restauration rapide,"4,6",5,https://www.google.com/maps/place/Sandwich+Isam/data=!4m7!3m6!1s0x1301d34d3b0eef91:0x66d0af2c0ad31fcc!8m2!3d34.7459546!4d10.7620903!16s%2Fg%2F11j7bh93th!19sChIJke8OO03TARMRzB_TCiyv0GY?authuser=0&hl=fr&rclk=1
73,restaurant le p√™cheur,"PPJQ+J3C, Rte de la Soukra",Restaurant,"3,9",22,https://www.google.com/maps/place/restaurant+le+p%C3%AAcheur/data=!4m7!3m6!1s0x13002df396e3f521:0x320a6b369d05d7e5!8m2!3d34.7315506!4d10.7376319!16s%2Fg%2F11h24vv8pg!19sChIJIfXjlvMtABMR5dcFnTZrCjI?authuser=0&hl=fr&rclk=1
74,Restaurant Choua√Øb Le Pecheur,PQP6+7RR,Restaurant,"3,6",70,https://www.google.com/maps/place/Restaurant+Choua%C3%AFb+Le+Pecheur/data=!4m7!3m6!1s0x13002d2cc22d71a5:0xdbcee51c884acd2b!8m2!3d34.7357263!4d10.7620011!16s%2Fg%2F11c2ldq73_!19sChIJpXEtwiwtABMRK81KiBzlzts?authuser=0&hl=fr&rclk=1
75,Turk Shawarma,Ó§¥,Turque,"4,3",3,https://www.google.com/maps/place/Turk+Shawarma/data=!4m7!3m6!1s0x1301d33d6eb47d19:0x9301f38386303744!8m2!3d34.7412821!4d10.7572112!16s%2Fg%2F11s33qtgc4!19sChIJGX20bj3TARMRRDcwhoPzAZM?authuser=0&hl=fr&rclk=1
76,ŸÉÿ≥ŸÉÿ±Ÿàÿ™ ÿßŸÑÿµÿØÿßŸÇÿ© ÿπŸÜÿØ Ÿàÿ≠ŸäÿØ,4 Rue Mahmoud krichen,Restaurant,"4,8",9,https://www.google.com/maps/place/%D9%83%D8%B3%D9%83%D8%B1%D9%88%D8%AA+%D8%A7%D9%84%D8%B5%D8%AF%D8%A7%D9%82%D8%A9+%D8%B9%D9%86%D8%AF+%D9%88%D8%AD%D9%8A%D8%AF%E2%80%AD/data=!4m7!3m6!1s0x13002cd6f0a7335d:0x5cee39870759d9f7!8m2!3d34.7307119!4d10.7516476!16s%2Fg%2F11f3s2n4x8!19sChIJXTOn8NYsABMR99lZB4c57lw?authuser=0&hl=fr&rclk=1
77,Paparazzi food,"QQ26+PJF, Rte de Tunis",Pizza,"4,1",22,https://www.google.com/maps/place/Paparazzi+food/data=!4m7!3m6!1s0x1301d3399f6f1fb3:0xe39b561a384217e5!8m2!3d34.7518001!4d10.7615599!16s%2Fg%2F11kpy798tq!19sChIJsx9vnznTARMR5RdCOBpWm-M?authuser=0&hl=fr&rclk=1
78,Farm Slice Sfax Aljadida,Rue Ahmed Aloulou,Pizza,"4,0",115,https://www.google.com/maps/place/Farm+Slice+Sfax+Aljadida/data=!4m7!3m6!1s0x13002dd93d547c0d:0x3f5dfa541731ed74!8m2!3d34.7365302!4d10.7524224!16s%2Fg%2F11pf849ycf!19sChIJDXxUPdktABMRdO0xF1T6XT8?authuser=0&hl=fr&rclk=1
79,Restaurant ABID,"PQW7+34G, Av. 5 ao√ªt",Restaurant,"3,3",49,https://www.google.com/maps/place/Restaurant+ABID/data=!4m7!3m6!1s0x1301d2d1031f417f:0x61a69b9c4d9fbbf1!8m2!3d34.7451899!4d10.7628176!16s%2Fg%2F11c2pbp4zl!19sChIJf0EfA9HSARMR8bufTZybpmE?authuser=0&hl=fr&rclk=1
80,Le Lido,"PQH7+RW2, Rue Patrice Lumumba",Bar,"4,0",24,https://www.google.com/maps/place/Le+Lido/data=!4m7!3m6!1s0x13002d2e37f85b0b:0x11d9b5b21d405192!8m2!3d34.729519!4d10.7647713!16s%2Fg%2F11b66j5z2c!19sChIJC1v4Ny4tABMRklFAHbK12RE?authuser=0&hl=fr&rclk=1
81,Restaurant Casablanca,PQP3+Q6M,Restaurant,"4,3",24,https://www.google.com/maps/place/Restaurant+Casablanca/data=!4m7!3m6!1s0x13002cd53c3e797f:0x2f1189fcb423ac96!8m2!3d34.7369587!4d10.7530391!16s%2Fg%2F11c5x79z7v!19sChIJf3k-PNUsABMRlqwjtPyJES8?authuser=0&hl=fr&rclk=1
82,Mister Food,"PQW6+4XQ, Av. 5 ao√ªt",Restaurant,"3,9",14,https://www.google.com/maps/place/Mister+Food/data=!4m7!3m6!1s0x1301d2d11d128655:0x2bef0bbe57dac75b!8m2!3d34.7453372!4d10.7624812!16s%2Fg%2F11csqw1mdd!19sChIJVYYSHdHSARMRW8faV74L7ys?authuser=0&hl=fr&rclk=1
83,BigBites,"QP5V+5FH, Rte Gremda",Pizza,"4,5",11,https://www.google.com/maps/place/BigBites/data=!4m7!3m6!1s0x1301d36b9973825d:0x9ca1d84d22f21929!8m2!3d34.7579294!4d10.7437465!16s%2Fg%2F11kk2kb5l2!19sChIJXYJzmWvTARMRKRnyIk3YoZw?authuser=0&hl=fr&rclk=1
84,Nahj Saiyaghine,3047,Restaurant,"5,0",2,https://www.google.com/maps/place/Nahj+Saiyaghine/data=!4m7!3m6!1s0x13002d2b5a2a48bf:0x4c870a81bc8d07da!8m2!3d34.7366459!4d10.7601406!16s%2Fg%2F11cn9h9y1x!19sChIJv0gqWistABMR2geNvIEKh0w?authuser=0&hl=fr&rclk=1
85,Restaurant Baghdad,"63, 3000, 63 Bd. Farhat Hached",Plats familiaux,"3,7",69,https://www.google.com/maps/place/Restaurant+Baghdad/data=!4m7!3m6!1s0x13002d2c724f0a37:0xe0c8387a14a26b20!8m2!3d34.7333247!4d10.7609273!16s%2Fg%2F11f544tfy7!19sChIJNwpPciwtABMRIGuiFHo4yOA?authuser=0&hl=fr&rclk=1
86,La focaccia Sfax,"QQ54+982, Ctre",Pizza,"3,5",33,https://www.google.com/maps/place/La+focaccia+Sfax/data=!4m7!3m6!1s0x1301d2df92c804fb:0x3463962e3349ba61!8m2!3d34.758399!4d10.7557676!16s%2Fg%2F11fzc_p63_!19sChIJ-wTIkt_SARMRYbpJMy6WYzQ?authuser=0&hl=fr&rclk=1
87,Restaurant Neptune,"Imm Ghorbel 3099, Av. habib bouguatfa",Restaurant,"3,2",23,https://www.google.com/maps/place/Restaurant+Neptune/data=!4m7!3m6!1s0x1301d35e93596695:0x61c4be5681052d5d!8m2!3d34.7494781!4d10.7667465!16s%2Fg%2F11h4tcq483!19sChIJlWZZk17TARMRXS0FgVa-xGE?authuser=0&hl=fr&rclk=1
88,Spenk's Food,"QP8M+V7M, Rue Cheikh Mahmoud Krichen",Restaurant,"4,3",3,https://www.google.com/maps/place/Spenk%27s+Food/data=!4m7!3m6!1s0x1301d3135842d769:0xf7a9e8cc98272bc4!8m2!3d34.76722!4d10.7331666!16s%2Fg%2F11f4_3vfr5!19sChIJaddCWBPTARMRxCsnmMzoqfc?authuser=0&hl=fr&rclk=1
89,Restaurant Abouda 5,"Nasria Palace, Bd Majida Boulila",Restaurant,"3,4",10,https://www.google.com/maps/place/Restaurant+Abouda+5/data=!4m7!3m6!1s0x1301d32a0b90ae85:0x4c8b7be01c7e8a32!8m2!3d34.7406758!4d10.755854!16s%2Fg%2F11cm0ny7yp!19sChIJha6QCyrTARMRMop-HOB7i0w?authuser=0&hl=fr&rclk=1
90,Le raffin√©,Rte Gremda,Restaurant,"3,0",51,https://www.google.com/maps/place/Le+raffin%C3%A9/data=!4m7!3m6!1s0x1301d3b52320e093:0x660ba1dcb9445915!8m2!3d34.7678046!4d10.7389899!16s%2Fg%2F11j134_djs!19sChIJk-AgI7XTARMRFVlEudyhC2Y?authuser=0&hl=fr&rclk=1
91,crunchup,"rond-point, Ceinture Bourguiba",Restaurant,"3,7",12,https://www.google.com/maps/place/crunchup/data=!4m7!3m6!1s0x1301d3ae61c5f0cb:0xdb52c3474cc00142!8m2!3d34.7659375!4d10.7447755!16s%2Fg%2F11vdqykbwl!19sChIJy_DFYa7TARMRQgHATEfDUts?authuser=0&hl=fr&rclk=1
92,Jwajem hachicha bosten ÿ¨Ÿàÿßÿ¨ŸÖ ÿßŸÑÿ≠ÿ¥Ÿäÿ¥ÿ©,Rue de la Paie Sfax,Restaurant,"4,4",39,https://www.google.com/maps/place/Jwajem+hachicha+bosten+%D8%AC%D9%88%D8%A7%D8%AC%D9%85+%D8%A7%D9%84%D8%AD%D8%B4%D9%8A%D8%B4%D8%A9%E2%80%AD/data=!4m7!3m6!1s0x1301d3101e5a6081:0xb49fa4d896107819!8m2!3d34.7543565!4d10.7658877!16s%2Fg%2F11h53mctl_!19sChIJgWBaHhDTARMRGXgQltikn7Q?authuser=0&hl=fr&rclk=1
93,Linea Verda,"Linea Verda, Route Lafrane, km 0 5",Caf√©,"4,6",12,https://www.google.com/maps/place/Linea+Verda/data=!4m7!3m6!1s0x1301d34d099df295:0x569b6a9a1c824798!8m2!3d34.7430365!4d10.7537413!16s%2Fg%2F11c5846tk1!19sChIJlfKdCU3TARMRmEeCHJpqm1Y?authuser=0&hl=fr&rclk=1
94,FORNO A LEGNE SFAX,"PQV4+G8Q, Unnamed Road",Torr√©facteur,"3,8",13,https://www.google.com/maps/place/FORNO+A+LEGNE+SFAX/data=!4m7!3m6!1s0x1301d2d60e60a571:0x49ad4e3060adb954!8m2!3d34.7438461!4d10.7558616!16s%2Fg%2F11ggs7qqfg!19sChIJcaVgDtbSARMRVLmtYDBOrUk?authuser=0&hl=fr&rclk=1
95,Xpress Food,PPWR+GPJ,Restaurant,"3,9",19,https://www.google.com/maps/place/Xpress+Food/data=!4m7!3m6!1s0x1301d331bbc1ec81:0x4b079ab9c318c207!8m2!3d34.7463438!4d10.7417812!16s%2Fg%2F11c5stwb_8!19sChIJgezBuzHTARMRB8IYw7maB0s?authuser=0&hl=fr&rclk=1
96,Dar Bellaaj,"PQP6+785, Unnamed Road",Restaurant,"4,5",58,https://www.google.com/maps/place/Dar+Bellaaj/data=!4m7!3m6!1s0x13002d2c9b8a5765:0x44faffac92a2d9cc!8m2!3d34.7356482!4d10.7608604!16s%2Fg%2F11gh2dp3g5!19sChIJZVeKmywtABMRzNmikqz_-kQ?authuser=0&hl=fr&rclk=1
97,Resto med ali abid,"PQP6+29G, Rue de La Grande Mosquee",Restaurant,"4,3",11,https://www.google.com/maps/place/Resto+med+ali+abid/data=!4m7!3m6!1s0x13002d2c844f341d:0x4257707661a0be55!8m2!3d34.7350689!4d10.7609423!16s%2Fg%2F11dxqkmw1g!19sChIJHTRPhCwtABMRVb6gYXZwV0I?authuser=0&hl=fr&rclk=1
98,Caf√© Kemour,3047,Caf√©,"4,0",123,https://www.google.com/maps/place/Caf%C3%A9+Kemour/data=!4m7!3m6!1s0x13002d2ca0453a07:0x996b498a467b2483!8m2!3d34.7361874!4d10.7606912!16s%2Fg%2F1q69m1h4f!19sChIJBzpFoCwtABMRgyR7RopJa5k?authuser=0&hl=fr&rclk=1
